{"cameraMode":{"drawMode":0,"name":"Shaded","section":"Shading Mode"},"sceneLighting":true,"audioPlay":false,"sceneViewState":{"showFog":true,"showMaterialUpdate":true,"showSkybox":true,"showFlares":true,"showImageEffects":true,"showParticleSystems":true},"in2DMode":false,"pivot":{"x":0.8454222083091736,"y":-0.9840103387832642,"z":1.606325387954712},"rotation":{"x":-0.39864224195480349,"y":-0.26523178815841677,"z":0.12162028253078461,"w":-0.8694629073143005},"size":1.9047343730926514,"orthographic":false}