{"cameraMode":{"drawMode":0,"name":"Shaded","section":"Shading Mode"},"sceneLighting":true,"audioPlay":false,"sceneViewState":{"showFog":true,"showMaterialUpdate":true,"showSkybox":true,"showFlares":true,"showImageEffects":true,"showParticleSystems":true},"in2DMode":false,"pivot":{"x":-0.20211315155029298,"y":0.9425463676452637,"z":2.2459449768066408},"rotation":{"x":-0.2217196226119995,"y":0.11233862489461899,"z":-0.02572643756866455,"w":-0.9682945609092712},"size":2.321777820587158,"orthographic":false}