{"cameraMode":{"drawMode":0,"name":"Shaded","section":"Shading Mode"},"sceneLighting":true,"audioPlay":false,"sceneViewState":{"showFog":true,"showMaterialUpdate":true,"showSkybox":true,"showFlares":true,"showImageEffects":true,"showParticleSystems":true},"in2DMode":false,"pivot":{"x":1.130084753036499,"y":1.9360878467559815,"z":-0.4605447053909302},"rotation":{"x":-0.18260572850704194,"y":0.1585100144147873,"z":-0.029844503849744798,"w":-0.969875156879425},"size":0.5025125741958618,"orthographic":false}