{"cameraMode":{"drawMode":0,"name":"Shaded","section":"Shading Mode"},"sceneLighting":true,"audioPlay":false,"sceneViewState":{"showFog":true,"showMaterialUpdate":true,"showSkybox":true,"showFlares":true,"showImageEffects":true,"showParticleSystems":true},"in2DMode":false,"pivot":{"x":0.320676326751709,"y":1.1719681024551392,"z":2.358585834503174},"rotation":{"x":-0.08100306987762451,"y":-0.014948075637221337,"z":0.0012127713998779655,"w":-0.9966236352920532},"size":1.9047341346740723,"orthographic":false}