{"cameraMode":{"drawMode":0,"name":"Shaded","section":"Shading Mode"},"sceneLighting":false,"audioPlay":false,"sceneViewState":{"showFog":true,"showMaterialUpdate":true,"showSkybox":false,"showFlares":true,"showImageEffects":true,"showParticleSystems":true},"in2DMode":false,"pivot":{"x":2.26846981048584,"y":-0.015044212341308594,"z":0.41045475006103518},"rotation":{"x":-0.2217196226119995,"y":0.11233862489461899,"z":-0.02572643756866455,"w":-0.9682945609092712},"size":20.535852432250978,"orthographic":false}