{"cameraMode":{"drawMode":0,"name":"Shaded","section":"Shading Mode"},"sceneLighting":true,"audioPlay":false,"sceneViewState":{"m_AlwaysRefresh":false,"showFog":true,"showSkybox":true,"showFlares":true,"showImageEffects":true,"showParticleSystems":true,"showVisualEffectGraphs":true,"m_FxEnabled":true},"in2DMode":false,"pivot":{"x":0.020144209265708925,"y":0.03189658373594284,"z":-0.01599697396159172},"rotation":{"x":0.12960711121559144,"y":0.836923360824585,"z":-0.22515921294689179,"w":0.4817504584789276},"size":0.10192237049341202,"orthographic":false}