{"cameraMode":{"drawMode":0,"name":"Shaded","section":"Shading Mode"},"sceneLighting":true,"audioPlay":false,"sceneViewState":{"m_AlwaysRefresh":false,"showFog":true,"showSkybox":true,"showFlares":true,"showImageEffects":true,"showParticleSystems":true,"showVisualEffectGraphs":true,"m_FxEnabled":true},"in2DMode":false,"pivot":{"x":-0.2121545672416687,"y":0.08313917368650437,"z":-0.09172511100769043},"rotation":{"x":0.00234527001157403,"y":-0.6230179667472839,"z":-0.0018708446295931936,"w":-0.7822098731994629},"size":0.16445624828338624,"orthographic":true}